0x822DE000	D3D_AllocDevice	1
0x822DE128	D3DDevice_Release	4
0x822DE388	Direct3D_CreateDevice	1
0x822DEC70	D3D_AddCallsToPrimaryBuffer(INDIRECT_BUFFER)	4
0x822DF100	D3D_KickOff	4
0x822DF848	D3D_RingMakeSpace(KickOff+wrap)	79
0x822DFA68	D3D_RingAlloc(dwords)	13
0x822DFAD0	D3DDevice_BlockUntilIdle	11
0x822DFBA0	D3DDevice_SetRingBufferParameters	3
0x822E0290	D3DDevice_SetRenderState_CULLMODE	39
0x822E02B0	D3DDevice_GetRenderState_CULLMODE	0
0x822E02C0	D3DDevice_SetRenderState_FILLMODE	3
0x822E02E0	D3DDevice_GetRenderState_FILLMODE	0
0x822E02F0	D3DDevice_SetRenderState_ALPHATESTENABLE	23
0x822E0318	D3DDevice_GetRenderState_ALPHATESTENABLE	0
0x822E0328	D3DDevice_SetRenderState_ALPHABLENDENABLE	23
0x822E03A8	D3DDevice_GetRenderState_ALPHABLENDENABLE	0
0x822E03B8	D3DDevice_SetRenderState_BLENDOP	22
0x822E0438	D3DDevice_GetRenderState_BLENDOP	0
0x822E0448	D3DDevice_SetRenderState_SRCBLEND	23
0x822E04C8	D3DDevice_GetRenderState_SRCBLEND	0
0x822E04D8	D3DDevice_SetRenderState_DESTBLEND	23
0x822E0558	D3DDevice_GetRenderState_DESTBLEND	0
0x822E0568	D3DDevice_SetRenderState_BLENDOPALPHA	0
0x822E05C8	D3DDevice_GetRenderState_BLENDOPALPHA	0
0x822E05D8	D3DDevice_SetRenderState_SRCBLENDALPHA	0
0x822E0638	D3DDevice_GetRenderState_SRCBLENDALPHA	0
0x822E0648	D3DDevice_SetRenderState_DESTBLENDALPHA	0
0x822E06A8	D3DDevice_GetRenderState_DESTBLENDALPHA	0
0x822E06B8	D3DDevice_SetRenderState_SEPARATEALPHABLENDENABLE	0
0x822E0740	D3DDevice_GetRenderState_SEPARATEALPHABLENDENABLE	0
0x822E0750	D3DDevice_SetRenderState_ALPHAREF	20
0x822E0788	D3DDevice_GetRenderState_ALPHAREF	0
0x822E07B8	D3DDevice_SetRenderState_ALPHAFUNC	1
0x822E07D8	D3DDevice_GetRenderState_ALPHAFUNC	0
0x822E07E8	D3DDevice_SetRenderState_BLENDFACTOR	0
0x822E0888	D3DDevice_GetRenderState_BLENDFACTOR	0
0x822E0908	D3DDevice_SetRenderState_LASTPIXEL	0
0x822E0930	D3DDevice_GetRenderState_LASTPIXEL	0
0x822E0940	D3DDevice_SetRenderState_LINEWIDTH	0
0x822E0980	D3DDevice_GetRenderState_LINEWIDTH	0
0x822E09B0	D3DDevice_SetRenderState_BUFFER2FRAMES	1
0x822E09D0	D3DDevice_GetRenderState_BUFFER2FRAMES	0
0x822E09E0	D3DDevice_SetRenderState_ZENABLE	11
0x822E0A18	D3DDevice_GetRenderState_ZENABLE	0
0x822E0A20	D3DDevice_SetRenderState_ZWRITEENABLE	5
0x822E0A40	D3DDevice_GetRenderState_ZWRITEENABLE	0
0x822E0A50	D3DDevice_SetRenderState_ZFUNC	16
0x822E0A78	D3DDevice_GetRenderState_ZFUNC	0
0x822E0A88	D3DDevice_SetRenderState_STENCILENABLE	23
0x822E0AC0	D3DDevice_GetRenderState_STENCILENABLE	1
0x822E0AC8	D3DDevice_SetRenderState_TWOSIDEDSTENCILMODE	2
0x822E0AF0	D3DDevice_GetRenderState_TWOSIDEDSTENCILMODE	0
0x822E0B00	D3DDevice_SetRenderState_STENCILFUNC	11
0x822E0B20	D3DDevice_GetRenderState_STENCILFUNC	0
0x822E0B30	D3DDevice_SetRenderState_STENCILFAIL	10
0x822E0B58	D3DDevice_GetRenderState_STENCILFAIL	0
0x822E0B68	D3DDevice_SetRenderState_STENCILZFAIL	7
0x822E0B90	D3DDevice_GetRenderState_STENCILZFAIL	0
0x822E0BA0	D3DDevice_SetRenderState_STENCILPASS	10
0x822E0BC0	D3DDevice_GetRenderState_STENCILPASS	0
0x822E0BD0	D3DDevice_SetRenderState_CCW_STENCILFUNC	2
0x822E0BF0	D3DDevice_GetRenderState_CCW_STENCILFUNC	0
0x822E0C00	D3DDevice_SetRenderState_CCW_STENCILFAIL	2
0x822E0C28	D3DDevice_GetRenderState_CCW_STENCILFAIL	0
0x822E0C38	D3DDevice_SetRenderState_CCW_STENCILZFAIL	2
0x822E0C60	D3DDevice_GetRenderState_CCW_STENCILZFAIL	0
0x822E0C70	D3DDevice_SetRenderState_CCW_STENCILPASS	2
0x822E0C90	D3DDevice_GetRenderState_CCW_STENCILPASS	0
0x822E0CA0	D3DDevice_SetRenderState_STENCILREF	9
0x822E0CB8	D3DDevice_GetRenderState_STENCILREF	0
0x822E0CC0	D3DDevice_SetRenderState_STENCILMASK	4
0x822E0CD8	D3DDevice_GetRenderState_STENCILMASK	0
0x822E0CE0	D3DDevice_SetRenderState_STENCILWRITEMASK	6
0x822E0CF8	D3DDevice_GetRenderState_STENCILWRITEMASK	0
0x822E0D00	D3DDevice_SetRenderState_CCW_STENCILREF	1
0x822E0D18	D3DDevice_GetRenderState_CCW_STENCILREF	0
0x822E0D20	D3DDevice_SetRenderState_CCW_STENCILMASK	0
0x822E0D38	D3DDevice_GetRenderState_CCW_STENCILMASK	0
0x822E0D40	D3DDevice_SetRenderState_CCW_STENCILWRITEMASK	1
0x822E0D58	D3DDevice_GetRenderState_CCW_STENCILWRITEMASK	0
0x822E0D60	D3DDevice_SetRenderState_CLIPPLANEENABLE	2
0x822E0DA0	D3DDevice_GetRenderState_CLIPPLANEENABLE	0
0x822E0DB0	D3DDevice_GetRenderState_SCISSORTESTENABLE	0
0x822E0DB8	D3DDevice_SetRenderState_SLOPESCALEDEPTHBIAS	8
0x822E0E60	D3DDevice_GetRenderState_SLOPESCALEDEPTHBIAS	0
0x822E0E80	D3DDevice_SetRenderState_DEPTHBIAS	10
0x822E0F18	D3DDevice_GetRenderState_DEPTHBIAS	0
0x822E0F28	D3DDevice_SetRenderState_MULTISAMPLEANTIALIAS	0
0x822E0F48	D3DDevice_GetRenderState_MULTISAMPLEANTIALIAS	0
0x822E0F58	D3DDevice_SetRenderState_MULTISAMPLEMASK	0
0x822E0F70	D3DDevice_GetRenderState_MULTISAMPLEMASK	0
0x822E0F78	D3DDevice_SetRenderState_COLORWRITEENABLE	24
0x822E0FB0	D3DDevice_GetRenderState_COLORWRITEENABLE	0
0x822E0FB8	D3DDevice_SetRenderState_COLORWRITEENABLE1	0
0x822E0FF0	D3DDevice_GetRenderState_COLORWRITEENABLE1	0
0x822E0FF8	D3DDevice_SetRenderState_COLORWRITEENABLE2	0
0x822E1030	D3DDevice_GetRenderState_COLORWRITEENABLE2	0
0x822E1038	D3DDevice_SetRenderState_COLORWRITEENABLE3	0
0x822E1070	D3DDevice_GetRenderState_COLORWRITEENABLE3	0
0x822E1078	D3DDevice_SetRenderState_POINTSPRITEENABLE	0
0x822E1080	D3DDevice_GetRenderState_POINTSPRITEENABLE	0
0x822E1088	D3DDevice_SetRenderState_POINTSIZE	0
0x822E10D8	D3DDevice_GetRenderState_POINTSIZE	0
0x822E10E8	D3DDevice_SetRenderState_POINTSIZE_MIN	0
0x822E1130	D3DDevice_GetRenderState_POINTSIZE_MIN	0
0x822E1140	D3DDevice_SetRenderState_POINTSIZE_MAX	0
0x822E1188	D3DDevice_GetRenderState_POINTSIZE_MAX	0
0x822E1198	D3DDevice_SetRenderState_WRAP0	0
0x822E11B8	D3DDevice_SetRenderState_WRAP1	0
0x822E11E0	D3DDevice_SetRenderState_WRAP2	0
0x822E1208	D3DDevice_SetRenderState_WRAP3	0
0x822E1230	D3DDevice_SetRenderState_WRAP4	0
0x822E1258	D3DDevice_SetRenderState_WRAP5	0
0x822E1280	D3DDevice_SetRenderState_WRAP6	0
0x822E12A8	D3DDevice_SetRenderState_WRAP7	0
0x822E12C8	D3DDevice_SetRenderState_WRAP8	0
0x822E12E8	D3DDevice_SetRenderState_WRAP9	0
0x822E1310	D3DDevice_SetRenderState_WRAP10	0
0x822E1338	D3DDevice_SetRenderState_WRAP11	0
0x822E1360	D3DDevice_SetRenderState_WRAP12	0
0x822E1388	D3DDevice_SetRenderState_WRAP13	0
0x822E13B0	D3DDevice_SetRenderState_WRAP14	0
0x822E13D8	D3DDevice_SetRenderState_WRAP15	0
0x822E13F8	D3DDevice_GetRenderState_WRAP0	0
0x822E1408	D3DDevice_GetRenderState_WRAP1	0
0x822E1418	D3DDevice_GetRenderState_WRAP2	0
0x822E1428	D3DDevice_GetRenderState_WRAP3	0
0x822E1438	D3DDevice_GetRenderState_WRAP4	0
0x822E1448	D3DDevice_GetRenderState_WRAP5	0
0x822E1458	D3DDevice_GetRenderState_WRAP6	0
0x822E1468	D3DDevice_GetRenderState_WRAP7	0
0x822E1478	D3DDevice_GetRenderState_WRAP8	0
0x822E1488	D3DDevice_GetRenderState_WRAP9	0
0x822E1498	D3DDevice_GetRenderState_WRAP10	0
0x822E14A8	D3DDevice_GetRenderState_WRAP11	0
0x822E14B8	D3DDevice_GetRenderState_WRAP12	0
0x822E14C8	D3DDevice_GetRenderState_WRAP13	0
0x822E14D8	D3DDevice_GetRenderState_WRAP14	0
0x822E14E8	D3DDevice_GetRenderState_WRAP15	0
0x822E14F8	D3DDevice_SetRenderState_VIEWPORTENABLE	18
0x822E1538	D3DDevice_GetRenderState_VIEWPORTENABLE	0
0x822E1548	D3DDevice_SetRenderState_HIGHPRECISIONBLENDENABLE	5
0x822E15F0	D3DDevice_GetRenderState_HIGHPRECISIONBLENDENABLE	0
0x822E15F8	D3DDevice_SetRenderState_HIGHPRECISIONBLENDENABLE1	0
0x822E16A0	D3DDevice_GetRenderState_HIGHPRECISIONBLENDENABLE1	0
0x822E16A8	D3DDevice_SetRenderState_HIGHPRECISIONBLENDENABLE2	0
0x822E1750	D3DDevice_GetRenderState_HIGHPRECISIONBLENDENABLE2	0
0x822E1758	D3DDevice_SetRenderState_HIGHPRECISIONBLENDENABLE3	0
0x822E1800	D3DDevice_GetRenderState_HIGHPRECISIONBLENDENABLE3	0
0x822E1808	D3DDevice_SetRenderState_MINTESSELLATIONLEVEL	0
0x822E1830	D3DDevice_GetRenderState_MINTESSELLATIONLEVEL	0
0x822E1840	D3DDevice_SetRenderState_MAXTESSELLATIONLEVEL	0
0x822E1868	D3DDevice_GetRenderState_MAXTESSELLATIONLEVEL	0
0x822E1878	D3DDevice_SetRenderState_TESSELLATIONMODE	0
0x822E18A0	D3DDevice_GetRenderState_TESSELLATIONMODE	0
0x822E18B0	D3DDevice_SetRenderState_HALFPIXELOFFSET	47
0x822E18D8	D3DDevice_GetRenderState_HALFPIXELOFFSET	0
0x822E18E8	D3DDevice_SetRenderState_PRIMITIVERESETENABLE	2
0x822E1908	D3DDevice_GetRenderState_PRIMITIVERESETENABLE	0
0x822E1918	D3DDevice_SetRenderState_PRIMITIVERESETINDEX	2
0x822E1938	D3DDevice_GetRenderState_PRIMITIVERESETINDEX	0
0x822E1940	D3DDevice_SetRenderState_ALPHATOMASKENABLE	0
0x822E1960	D3DDevice_GetRenderState_ALPHATOMASKENABLE	0
0x822E1970	D3DDevice_SetRenderState_ALPHATOMASKOFFSETS	0
0x822E1990	D3DDevice_GetRenderState_ALPHATOMASKOFFSETS	0
0x822E19A8	D3DDevice_SetRenderState_GUARDBAND_X	0
0x822E19D0	D3DDevice_GetRenderState_GUARDBAND_X	0
0x822E19D8	D3DDevice_SetRenderState_GUARDBAND_Y	0
0x822E1A00	D3DDevice_GetRenderState_GUARDBAND_Y	0
0x822E1A08	D3DDevice_SetRenderState_DISCARDBAND_X	0
0x822E1A28	D3DDevice_GetRenderState_DISCARDBAND_X	0
0x822E1A30	D3DDevice_SetRenderState_DISCARDBAND_Y	0
0x822E1A58	D3DDevice_GetRenderState_DISCARDBAND_Y	0
0x822E1A60	D3DDevice_SetRenderState_HIZENABLE	0
0x822E1A80	D3DDevice_GetRenderState_HIZENABLE	0
0x822E1A90	D3DDevice_SetRenderState_HIZWRITEENABLE	2
0x822E1AE8	D3DDevice_GetRenderState_HIZWRITEENABLE	0
0x822E1AF8	D3DDevice_SetRenderState_HISTENCILENABLE	18
0x822E1B18	D3DDevice_GetRenderState_HISTENCILENABLE	0
0x822E1B28	D3DDevice_SetRenderState_HISTENCILWRITEENABLE	12
0x822E1B48	D3DDevice_GetRenderState_HISTENCILWRITEENABLE	0
0x822E1B58	D3DDevice_SetRenderState_HISTENCILFUNC	5
0x822E1B78	D3DDevice_GetRenderState_HISTENCILFUNC	0
0x822E1B88	D3DDevice_SetRenderState_HISTENCILREF	5
0x822E1BA0	D3DDevice_GetRenderState_HISTENCILREF	0
0x822E1BA8	D3DDevice_SetRenderState_PRESENTINTERVAL	3
0x822E1BB0	D3DDevice_GetRenderState_PRESENTINTERVAL	0
0x822E1BB8	D3DDevice_SetRenderState_PRESENTIMMEDIATETHRESHOLD	1
0x822E1BC8	D3DDevice_GetRenderState_PRESENTIMMEDIATETHRESHOLD	0
0x822E1BD8	D3DDevice_SetSamplerState_MINFILTER	0
0x822E1C98	D3DDevice_GetSamplerState_MINFILTER	0
0x822E1CD0	D3DDevice_SetSamplerState_MINFILTERZ	0
0x822E1D58	D3DDevice_GetSamplerState_MINFILTERZ	0
0x822E1D68	D3DDevice_SetSamplerState_MAGFILTER	0
0x822E1E28	D3DDevice_GetSamplerState_MAGFILTER	0
0x822E1E60	D3DDevice_SetSamplerState_MAGFILTERZ	0
0x822E1EE8	D3DDevice_GetSamplerState_MAGFILTERZ	0
0x822E1EF8	D3DDevice_SetSamplerState_MIPFILTER	0
0x822E1F38	D3DDevice_GetSamplerState_MIPFILTER	0
0x822E1F50	D3DDevice_SetSamplerState_SEPARATEZFILTERENABLE	0
0x822E1FD8	D3DDevice_GetSamplerState_SEPARATEZFILTERENABLE	0
0x822E1FE8	D3DDevice_SetSamplerState_MAXANISOTROPY	0
0x822E2050	D3DDevice_GetSamplerState_MAXANISOTROPY	0
0x822E2060	D3DDevice_SetSamplerState_ANISOTROPYBIAS	0
0x822E20C0	D3DDevice_GetSamplerState_ANISOTROPYBIAS	0
0x822E2108	D3DDevice_SetSamplerState_MIPMAPLODBIAS	0
0x822E2168	D3DDevice_GetSamplerState_MIPMAPLODBIAS	0
0x822E21A8	D3DDevice_SetSamplerState_MAXMIPLEVEL	0
0x822E2218	D3DDevice_GetSamplerState_MAXMIPLEVEL	0
0x822E2228	D3DDevice_SetSamplerState_MINMIPLEVEL	0
0x822E2298	D3DDevice_GetSamplerState_MINMIPLEVEL	0
0x822E22A8	D3DDevice_SetSamplerState_BORDERCOLOR	0
0x822E22F8	D3DDevice_GetSamplerState_BORDERCOLOR	0
0x822E2318	D3DDevice_SetSamplerState_ADDRESSU	0
0x822E2350	D3DDevice_GetSamplerState_ADDRESSU	0
0x822E2368	D3DDevice_SetSamplerState_ADDRESSV	0
0x822E23A0	D3DDevice_GetSamplerState_ADDRESSV	0
0x822E23B8	D3DDevice_SetSamplerState_ADDRESSW	0
0x822E23F0	D3DDevice_GetSamplerState_ADDRESSW	0
0x822E2408	D3DDevice_SetSamplerState_TRILINEARTHRESHOLD	0
0x822E2448	D3DDevice_GetSamplerState_TRILINEARTHRESHOLD	0
0x822E2460	D3DDevice_SetSamplerState_HGRADIENTEXPBIAS	0
0x822E24A0	D3DDevice_GetSamplerState_HGRADIENTEXPBIAS	0
0x822E24B8	D3DDevice_SetSamplerState_VGRADIENTEXPBIAS	0
0x822E24F8	D3DDevice_GetSamplerState_VGRADIENTEXPBIAS	0
0x822E2510	D3DDevice_SetSamplerState_WHITEBORDERCOLORW	0
0x822E2550	D3DDevice_GetSamplerState_WHITEBORDERCOLORW	0
0x822E2568	D3DDevice_SetSamplerState_POINTBORDERENABLE	0
0x822E25B0	D3DDevice_GetSamplerState_POINTBORDERENABLE	0
0x822E25C8	D3DDevice_SetScissorRect	5
0x822E26C8	D3DDevice_SetStreamSource	47
0x822E27E8	D3DDevice_SetIndices	25
0x822E2878	D3DDevice_GetRenderTarget	1
0x822E2A50	D3DDevice_SetClipPlane	1
0x822E2B98	D3DDevice_SetViewportF	2
0x822E2E00	D3DDevice_SetRenderState_SCISSORTESTENABLE	2
0x822E2E10	D3DDevice_SetViewport	5
0x822E2F48	D3DDevice_SetRenderTarget	4
0x822E32B0	D3DDevice_SetDepthStencilSurface	11
0x822E3588	D3DDevice_SetSurfaces(tiling)	4
0x822E3BE8	D3DDevice_SetRenderTarget(thunk)	12
0x822E50B8	XGSetTextureHeaderEx	2
0x822E5878	D3DDevice_CreateTexture	23
0x822E5BE0	D3DDevice_SetTexture	9
0x822E6500	D3D__ResetAllState(dispatch-table seed)	2
0x822E6C30	D3DDevice_Init(CreateDevice body)	1
0x822E6EB0	D3DDevice_Destroy	1
0x822E7A48	D3DDevice_GpuBeginShaderConstantF4	1
0x822E7B78	D3DDevice_SetVertexShaderConstantB	2
0x822E7BD8	D3DDevice_SetPixelShaderConstantB	2
0x822E7C38	D3DDevice_SetVertexShaderConstantI	2
0x822E7C90	D3DDevice_SetPixelShaderConstantI	2
0x822E7CE8	D3DDevice_SetVertexShader	3
0x822E7EA8	D3DDevice_GetVertexShader	1
0x822E7FE8	D3DDevice_SetPixelShader	3
0x822E81B8	D3DDevice_GetPixelShader	1
0x822E8200	D3DDevice_SetVertexDeclaration	47
0x822E8390	D3DDevice_SetShaderGPRAllocation	16
0x822E86C0	D3DDevice_SetFVF	10
0x822E8EB0	D3DDevice_Swap(thunk)	2
0x822E8EB8	D3DDevice_Swap	2
0x822E98C0	D3DResource_GetType	11
0x822E9EF0	D3DResource_Release	68
0x822E9FC0	D3DDevice_CreateVertexBuffer	19
0x822EA088	D3DVertexBuffer_Lock	20
0x822EA0D8	D3DVertexBuffer_Unlock	20
0x822EA0E8	D3DDevice_CreateIndexBuffer	9
0x822EA198	D3DIndexBuffer_Lock	10
0x822EA1E0	D3DIndexBuffer_Unlock	9
0x822EA978	D3D_BeginVizQuery	3
0x822EAA48	D3D_EndVizQuery	3
0x822F3D88	D3DDevice_SetPredication	13
0x822F3EF8	D3DDevice_BeginTiling	1
0x822F4480	D3DDevice_EndTiling	1
0x822F5028	D3DDevice_Resolve	44
0x822F6128	D3D_FlushTiledRenderState	8
0x822F64C0	D3D_WriteDirtyRegisterRange	42
0x822F6860	D3D_WriteDirtyConstants	6
0x822F75F8	D3D_FlushShaders(SetPending VS/PS/decl)	3
0x825803F8	D3DDevice_BeginVertices	7
0x82580898	D3DDevice_EndVertices	6
0x825808B8	D3DDevice_DrawVerticesUP	13
0x82580918	D3DDevice_DrawVertices	35
0x82580D00	D3DDevice_DrawIndexedVertices	28
